{
    "0": {
        "precision": 0.8641975308641975,
        "recall": 0.29914529914529914,
        "f1-score": 0.4444444444444444,
        "support": 234.0
    },
    "1": {
        "precision": 0.6979742173112339,
        "recall": 0.9717948717948718,
        "f1-score": 0.812433011789925,
        "support": 390.0
    },
    "accuracy": 0.719551282051282,
    "macro avg": {
        "precision": 0.7810858740877157,
        "recall": 0.6354700854700854,
        "f1-score": 0.6284387281171847,
        "support": 624.0
    },
    "weighted avg": {
        "precision": 0.7603079598935952,
        "recall": 0.719551282051282,
        "f1-score": 0.6744372990353698,
        "support": 624.0
    }
}