{
    "0": {
        "precision": 0.9357798165137615,
        "recall": 0.4358974358974359,
        "f1-score": 0.5947521865889213,
        "support": 234.0
    },
    "1": {
        "precision": 0.7436893203883496,
        "recall": 0.982051282051282,
        "f1-score": 0.8464088397790055,
        "support": 390.0
    },
    "accuracy": 0.7772435897435898,
    "macro avg": {
        "precision": 0.8397345684510555,
        "recall": 0.7089743589743589,
        "f1-score": 0.7205805131839633,
        "support": 624.0
    },
    "weighted avg": {
        "precision": 0.815723256435379,
        "recall": 0.7772435897435898,
        "f1-score": 0.7520375948327239,
        "support": 624.0
    }
}