{
    "accuracy": 0.719551282051282,
    "precision": 0.6979742173112339,
    "recall": 0.9717948717948718,
    "f1": 0.812433011789925,
    "roc_auc": 0.8330593907516983
}