{
    "accuracy": 0.7772435897435898,
    "precision": 0.815723256435379,
    "recall": 0.7772435897435898,
    "f1": 0.7520375948327239,
    "roc_auc": 0.8680966469428009
}